<?xml version="1.0" encoding="UTF-8"?>
<DEFECTS>
<OACRDEFECTCOUNT>39</OACRDEFECTCOUNT>
<OACRERRORCOUNT>0</OACRERRORCOUNT>
<DEFECT _seq="1"><SFA><LINE>296</LINE><COLUMN>17</COLUMN><FILENAME>protectdriver.c</FILENAME><FILEPATH>d:\hack.x86\gh0st3.6_src\server\protectdriver\</FILEPATH></SFA><DEFECTCODE>28175</DEFECTCODE><DESCRIPTION>The 'AttachedDevice' member of _DEVICE_OBJECT should not be accessed by a driver:  Access to this member may be permitted for certain classes of drivers. See the documentation for this warning for more information.</DESCRIPTION><FUNCTION>ClearFilters</FUNCTION><FUNCLINE>275</FUNCLINE><PATH/></DEFECT>
<DEFECT _seq="2"><SFA><LINE>297</LINE><COLUMN>33</COLUMN><FILENAME>protectdriver.c</FILENAME><FILEPATH>d:\hack.x86\gh0st3.6_src\server\protectdriver\</FILEPATH></SFA><DEFECTCODE>28175</DEFECTCODE><DESCRIPTION>The 'NextDevice' member of _DEVICE_OBJECT should not be accessed by a driver:  Access to this member may be permitted for certain classes of drivers. See the documentation for this warning for more information.</DESCRIPTION><FUNCTION>ClearFilters</FUNCTION><FUNCLINE>275</FUNCLINE><PATH/></DEFECT>
<DEFECT _seq="3"><SFA><LINE>415</LINE><COLUMN>57</COLUMN><FILENAME>protectdriver.c</FILENAME><FILEPATH>d:\hack.x86\gh0st3.6_src\server\protectdriver\</FILEPATH></SFA><DEFECTCODE>28169</DEFECTCODE><DESCRIPTION>The dispatch function 'MyNtfsFsdDirectoryControl' does not have any __drv_dispatchType annotations:  This can be corrected by adding appropriate __drv_dispatchType annotations to the function. Unnecessary casts can cause this warning.</DESCRIPTION><FUNCTION>CheckThread</FUNCTION><FUNCLINE>358</FUNCLINE><PATH/></DEFECT>
<DEFECT _seq="4"><SFA><LINE>410</LINE><COLUMN>50</COLUMN><FILENAME>protectdriver.c</FILENAME><FILEPATH>d:\hack.x86\gh0st3.6_src\server\protectdriver\</FILEPATH></SFA><DEFECTCODE>28175</DEFECTCODE><DESCRIPTION>The 'MajorFunction' member of _DRIVER_OBJECT should not be accessed by a driver:  Access to this member may be permitted for certain classes of drivers. See the documentation for this warning for more information.</DESCRIPTION><FUNCTION>CheckThread</FUNCTION><FUNCLINE>358</FUNCLINE><PATH/></DEFECT>
<DEFECT _seq="5"><SFA><LINE>415</LINE><COLUMN>57</COLUMN><FILENAME>protectdriver.c</FILENAME><FILEPATH>d:\hack.x86\gh0st3.6_src\server\protectdriver\</FILEPATH></SFA><DEFECTCODE>28155</DEFECTCODE><DESCRIPTION>The function being assigned or passed should be a DRIVER_DISPATCH function:  Add the declaration 'DRIVER_DISPATCH MyNtfsFsdDirectoryControl;' before the current first declaration of MyNtfsFsdDirectoryControl.</DESCRIPTION><FUNCTION>CheckThread</FUNCTION><FUNCLINE>358</FUNCLINE><PATH/></DEFECT>
<DEFECT _seq="6"><SFA><LINE>415</LINE><COLUMN>17</COLUMN><FILENAME>protectdriver.c</FILENAME><FILEPATH>d:\hack.x86\gh0st3.6_src\server\protectdriver\</FILEPATH></SFA><DEFECTCODE>28175</DEFECTCODE><DESCRIPTION>The 'MajorFunction' member of _DRIVER_OBJECT should not be accessed by a driver:  Access to this member may be permitted for certain classes of drivers. See the documentation for this warning for more information.</DESCRIPTION><FUNCTION>CheckThread</FUNCTION><FUNCLINE>358</FUNCLINE><PATH/></DEFECT>
<DEFECT _seq="7"><SFA><LINE>416</LINE><COLUMN>53</COLUMN><FILENAME>protectdriver.c</FILENAME><FILEPATH>d:\hack.x86\gh0st3.6_src\server\protectdriver\</FILEPATH></SFA><DEFECTCODE>28175</DEFECTCODE><DESCRIPTION>The 'MajorFunction' member of _DRIVER_OBJECT should not be accessed by a driver:  Access to this member may be permitted for certain classes of drivers. See the documentation for this warning for more information.</DESCRIPTION><FUNCTION>CheckThread</FUNCTION><FUNCLINE>358</FUNCLINE><PATH/></DEFECT>
<DEFECT _seq="8"><SFA><LINE>423</LINE><COLUMN>40</COLUMN><FILENAME>protectdriver.c</FILENAME><FILEPATH>d:\hack.x86\gh0st3.6_src\server\protectdriver\</FILEPATH></SFA><DEFECTCODE>28175</DEFECTCODE><DESCRIPTION>The 'MajorFunction' member of _DRIVER_OBJECT should not be accessed by a driver:  Access to this member may be permitted for certain classes of drivers. See the documentation for this warning for more information.</DESCRIPTION><FUNCTION>CheckThread</FUNCTION><FUNCLINE>358</FUNCLINE><PATH/></DEFECT>
<DEFECT _seq="9"><SFA><LINE>429</LINE><COLUMN>46</COLUMN><FILENAME>protectdriver.c</FILENAME><FILEPATH>d:\hack.x86\gh0st3.6_src\server\protectdriver\</FILEPATH></SFA><DEFECTCODE>28175</DEFECTCODE><DESCRIPTION>The 'MajorFunction' member of _DRIVER_OBJECT should not be accessed by a driver:  Access to this member may be permitted for certain classes of drivers. See the documentation for this warning for more information.</DESCRIPTION><FUNCTION>CheckThread</FUNCTION><FUNCLINE>358</FUNCLINE><PATH/></DEFECT>
<DEFECT _seq="10"><SFA><LINE>693</LINE><COLUMN>35</COLUMN><FILENAME>protectdriver.c</FILENAME><FILEPATH>d:\hack.x86\gh0st3.6_src\server\protectdriver\</FILEPATH></SFA><DEFECTCODE>28132</DEFECTCODE><DESCRIPTION>Taking the size of pointer ProcessName:  This will yield the size of a pointer (4 or 8), not the size of the object pointed to. Dereference the pointer, or if the size of a pointer was intended, use the pointer type or (void *) instead.</DESCRIPTION><FUNCTION>NewObReferenceObjectByHandle</FUNCTION><FUNCLINE>639</FUNCLINE><PATH/></DEFECT>
<DEFECT _seq="11"><SFA><LINE>726</LINE><COLUMN>35</COLUMN><FILENAME>protectdriver.c</FILENAME><FILEPATH>d:\hack.x86\gh0st3.6_src\server\protectdriver\</FILEPATH></SFA><DEFECTCODE>28132</DEFECTCODE><DESCRIPTION>Taking the size of pointer ProcessName:  This will yield the size of a pointer (4 or 8), not the size of the object pointed to. Dereference the pointer, or if the size of a pointer was intended, use the pointer type or (void *) instead.</DESCRIPTION><FUNCTION>NewObReferenceObjectByHandle</FUNCTION><FUNCLINE>639</FUNCLINE><PATH/></DEFECT>
<DEFECT _seq="12"><SFA><LINE>862</LINE><COLUMN>54</COLUMN><FILENAME>protectdriver.c</FILENAME><FILEPATH>d:\hack.x86\gh0st3.6_src\server\protectdriver\</FILEPATH></SFA><DEFECTCODE>28169</DEFECTCODE><DESCRIPTION>The dispatch function 'MyNtfsFsdDirectoryControl' does not have any __drv_dispatchType annotations:  This can be corrected by adding appropriate __drv_dispatchType annotations to the function. Unnecessary casts can cause this warning.</DESCRIPTION><FUNCTION>DispatchIoctl</FUNCTION><FUNCLINE>769</FUNCLINE><PATH/></DEFECT>
<DEFECT _seq="13"><SFA><LINE>876</LINE><COLUMN>9</COLUMN><FILENAME>protectdriver.c</FILENAME><FILEPATH>d:\hack.x86\gh0st3.6_src\server\protectdriver\</FILEPATH></SFA><DEFECTCODE>28719</DEFECTCODE><DESCRIPTION>Banned API Usage:  wcsncat is a Banned API as listed in dontuse.h for security purposes.</DESCRIPTION><FUNCTION>DispatchIoctl</FUNCTION><FUNCLINE>769</FUNCLINE><PATH/></DEFECT>
<DEFECT _seq="14"><SFA><LINE>877</LINE><COLUMN>9</COLUMN><FILENAME>protectdriver.c</FILENAME><FILEPATH>d:\hack.x86\gh0st3.6_src\server\protectdriver\</FILEPATH></SFA><DEFECTCODE>28719</DEFECTCODE><DESCRIPTION>Banned API Usage:  wcsncat is a Banned API as listed in dontuse.h for security purposes.</DESCRIPTION><FUNCTION>DispatchIoctl</FUNCTION><FUNCLINE>769</FUNCLINE><PATH/></DEFECT>
<DEFECT _seq="15"><SFA><LINE>908</LINE><COLUMN>9</COLUMN><FILENAME>protectdriver.c</FILENAME><FILEPATH>d:\hack.x86\gh0st3.6_src\server\protectdriver\</FILEPATH></SFA><DEFECTCODE>28719</DEFECTCODE><DESCRIPTION>Banned API Usage:  wcsncat is a Banned API as listed in dontuse.h for security purposes.</DESCRIPTION><FUNCTION>DispatchIoctl</FUNCTION><FUNCLINE>769</FUNCLINE><PATH/></DEFECT>
<DEFECT _seq="16"><SFA><LINE>909</LINE><COLUMN>9</COLUMN><FILENAME>protectdriver.c</FILENAME><FILEPATH>d:\hack.x86\gh0st3.6_src\server\protectdriver\</FILEPATH></SFA><DEFECTCODE>28719</DEFECTCODE><DESCRIPTION>Banned API Usage:  wcsncat is a Banned API as listed in dontuse.h for security purposes.</DESCRIPTION><FUNCTION>DispatchIoctl</FUNCTION><FUNCLINE>769</FUNCLINE><PATH/></DEFECT>
<DEFECT _seq="17"><SFA><LINE>910</LINE><COLUMN>9</COLUMN><FILENAME>protectdriver.c</FILENAME><FILEPATH>d:\hack.x86\gh0st3.6_src\server\protectdriver\</FILEPATH></SFA><DEFECTCODE>28719</DEFECTCODE><DESCRIPTION>Banned API Usage:  wcsncat is a Banned API as listed in dontuse.h for security purposes.</DESCRIPTION><FUNCTION>DispatchIoctl</FUNCTION><FUNCLINE>769</FUNCLINE><PATH/></DEFECT>
<DEFECT _seq="18"><SFA><LINE>859</LINE><COLUMN>44</COLUMN><FILENAME>protectdriver.c</FILENAME><FILEPATH>d:\hack.x86\gh0st3.6_src\server\protectdriver\</FILEPATH></SFA><DEFECTCODE>28175</DEFECTCODE><DESCRIPTION>The 'MajorFunction' member of _DRIVER_OBJECT should not be accessed by a driver:  Access to this member may be permitted for certain classes of drivers. See the documentation for this warning for more information.</DESCRIPTION><FUNCTION>DispatchIoctl</FUNCTION><FUNCLINE>769</FUNCLINE><PATH/></DEFECT>
<DEFECT _seq="19"><SFA><LINE>862</LINE><COLUMN>54</COLUMN><FILENAME>protectdriver.c</FILENAME><FILEPATH>d:\hack.x86\gh0st3.6_src\server\protectdriver\</FILEPATH></SFA><DEFECTCODE>28155</DEFECTCODE><DESCRIPTION>The function being assigned or passed should be a DRIVER_DISPATCH function:  Add the declaration 'DRIVER_DISPATCH MyNtfsFsdDirectoryControl;' before the current first declaration of MyNtfsFsdDirectoryControl.</DESCRIPTION><FUNCTION>DispatchIoctl</FUNCTION><FUNCLINE>769</FUNCLINE><PATH/></DEFECT>
<DEFECT _seq="20"><SFA><LINE>862</LINE><COLUMN>15</COLUMN><FILENAME>protectdriver.c</FILENAME><FILEPATH>d:\hack.x86\gh0st3.6_src\server\protectdriver\</FILEPATH></SFA><DEFECTCODE>28175</DEFECTCODE><DESCRIPTION>The 'MajorFunction' member of _DRIVER_OBJECT should not be accessed by a driver:  Access to this member may be permitted for certain classes of drivers. See the documentation for this warning for more information.</DESCRIPTION><FUNCTION>DispatchIoctl</FUNCTION><FUNCLINE>769</FUNCLINE><PATH/></DEFECT>
<DEFECT _seq="21"><SFA><LINE>863</LINE><COLUMN>51</COLUMN><FILENAME>protectdriver.c</FILENAME><FILEPATH>d:\hack.x86\gh0st3.6_src\server\protectdriver\</FILEPATH></SFA><DEFECTCODE>28175</DEFECTCODE><DESCRIPTION>The 'MajorFunction' member of _DRIVER_OBJECT should not be accessed by a driver:  Access to this member may be permitted for certain classes of drivers. See the documentation for this warning for more information.</DESCRIPTION><FUNCTION>DispatchIoctl</FUNCTION><FUNCLINE>769</FUNCLINE><PATH/></DEFECT>
<DEFECT _seq="22"><SFA><LINE>930</LINE><COLUMN>50</COLUMN><FILENAME>protectdriver.c</FILENAME><FILEPATH>d:\hack.x86\gh0st3.6_src\server\protectdriver\</FILEPATH></SFA><DEFECTCODE>28155</DEFECTCODE><DESCRIPTION>The function being assigned or passed should be a KSTART_ROUTINE function:  Add the declaration 'KSTART_ROUTINE CheckThread;' before the current first declaration of CheckThread.</DESCRIPTION><FUNCTION>DispatchIoctl</FUNCTION><FUNCLINE>769</FUNCLINE><PATH/></DEFECT>
<DEFECT _seq="23"><SFA><LINE>984</LINE><COLUMN>17</COLUMN><FILENAME>protectdriver.c</FILENAME><FILEPATH>d:\hack.x86\gh0st3.6_src\server\protectdriver\</FILEPATH></SFA><DEFECTCODE>6282</DEFECTCODE><DESCRIPTION>Incorrect operator: assignment of constant in Boolean context. Consider using '==' instead</DESCRIPTION><FUNCTION>OnUnload</FUNCTION><FUNCLINE>970</FUNCLINE><PATH/></DEFECT>
<DEFECT _seq="24"><SFA><LINE>989</LINE><COLUMN>14</COLUMN><FILENAME>protectdriver.c</FILENAME><FILEPATH>d:\hack.x86\gh0st3.6_src\server\protectdriver\</FILEPATH></SFA><DEFECTCODE>6282</DEFECTCODE><DESCRIPTION>Incorrect operator: assignment of constant in Boolean context. Consider using '==' instead</DESCRIPTION><FUNCTION>OnUnload</FUNCTION><FUNCLINE>970</FUNCLINE><PATH/></DEFECT>
<DEFECT _seq="25"><SFA><LINE>997</LINE><COLUMN>18</COLUMN><FILENAME>protectdriver.c</FILENAME><FILEPATH>d:\hack.x86\gh0st3.6_src\server\protectdriver\</FILEPATH></SFA><DEFECTCODE>6282</DEFECTCODE><DESCRIPTION>Incorrect operator: assignment of constant in Boolean context. Consider using '==' instead</DESCRIPTION><FUNCTION>OnUnload</FUNCTION><FUNCLINE>970</FUNCLINE><PATH/></DEFECT>
<DEFECT _seq="26"><SFA><LINE>1002</LINE><COLUMN>18</COLUMN><FILENAME>protectdriver.c</FILENAME><FILEPATH>d:\hack.x86\gh0st3.6_src\server\protectdriver\</FILEPATH></SFA><DEFECTCODE>6282</DEFECTCODE><DESCRIPTION>Incorrect operator: assignment of constant in Boolean context. Consider using '==' instead</DESCRIPTION><FUNCTION>OnUnload</FUNCTION><FUNCLINE>970</FUNCLINE><PATH/></DEFECT>
<DEFECT _seq="27"><SFA><LINE>1018</LINE><COLUMN>13</COLUMN><FILENAME>protectdriver.c</FILENAME><FILEPATH>d:\hack.x86\gh0st3.6_src\server\protectdriver\</FILEPATH></SFA><DEFECTCODE>6282</DEFECTCODE><DESCRIPTION>Incorrect operator: assignment of constant in Boolean context. Consider using '==' instead</DESCRIPTION><FUNCTION>OnUnload</FUNCTION><FUNCLINE>970</FUNCLINE><PATH/></DEFECT>
<DEFECT _seq="28"><SFA><LINE>993</LINE><COLUMN>53</COLUMN><FILENAME>protectdriver.c</FILENAME><FILEPATH>d:\hack.x86\gh0st3.6_src\server\protectdriver\</FILEPATH></SFA><DEFECTCODE>28169</DEFECTCODE><DESCRIPTION>The dispatch function '&lt;phony symbol&gt;' does not have any __drv_dispatchType annotations:  This can be corrected by adding appropriate __drv_dispatchType annotations to the function. Unnecessary casts can cause this warning.</DESCRIPTION><FUNCTION>OnUnload</FUNCTION><FUNCLINE>970</FUNCLINE><PATH/></DEFECT>
<DEFECT _seq="29"><SFA><LINE>993</LINE><COLUMN>53</COLUMN><FILENAME>protectdriver.c</FILENAME><FILEPATH>d:\hack.x86\gh0st3.6_src\server\protectdriver\</FILEPATH></SFA><DEFECTCODE>28155</DEFECTCODE><DESCRIPTION>The function being assigned or passed should be a DRIVER_DISPATCH function:  Add the declaration 'DRIVER_DISPATCH pRealNtfsFsdDirectoryControl;' before the current first declaration of pRealNtfsFsdDirectoryControl.</DESCRIPTION><FUNCTION>OnUnload</FUNCTION><FUNCLINE>970</FUNCLINE><PATH/></DEFECT>
<DEFECT _seq="30"><SFA><LINE>993</LINE><COLUMN>14</COLUMN><FILENAME>protectdriver.c</FILENAME><FILEPATH>d:\hack.x86\gh0st3.6_src\server\protectdriver\</FILEPATH></SFA><DEFECTCODE>28175</DEFECTCODE><DESCRIPTION>The 'MajorFunction' member of _DRIVER_OBJECT should not be accessed by a driver:  Access to this member may be permitted for certain classes of drivers. See the documentation for this warning for more information.</DESCRIPTION><FUNCTION>OnUnload</FUNCTION><FUNCLINE>970</FUNCLINE><PATH/></DEFECT>
<DEFECT _seq="31"><SFA><LINE>1007</LINE><COLUMN>44</COLUMN><FILENAME>protectdriver.c</FILENAME><FILEPATH>d:\hack.x86\gh0st3.6_src\server\protectdriver\</FILEPATH></SFA><DEFECTCODE>28175</DEFECTCODE><DESCRIPTION>The 'MajorFunction' member of _DRIVER_OBJECT should not be accessed by a driver:  Access to this member may be permitted for certain classes of drivers. See the documentation for this warning for more information.</DESCRIPTION><FUNCTION>OnUnload</FUNCTION><FUNCLINE>970</FUNCLINE><PATH/></DEFECT>
<DEFECT _seq="32"><SFA><LINE>1036</LINE><COLUMN>9</COLUMN><FILENAME>protectdriver.c</FILENAME><FILEPATH>d:\hack.x86\gh0st3.6_src\server\protectdriver\</FILEPATH></SFA><DEFECTCODE>28101</DEFECTCODE><DESCRIPTION>The Drivers module has inferred that the current function is a DRIVER_INITIALIZE function:  This is informational only. No problem has been detected.</DESCRIPTION><FUNCTION>DriverEntry</FUNCTION><FUNCLINE>1036</FUNCLINE><PATH/></DEFECT>
<DEFECT _seq="33"><SFA><LINE>1084</LINE><COLUMN>52</COLUMN><FILENAME>protectdriver.c</FILENAME><FILEPATH>d:\hack.x86\gh0st3.6_src\server\protectdriver\</FILEPATH></SFA><DEFECTCODE>28169</DEFECTCODE><DESCRIPTION>The dispatch function 'DispatchIoctl' does not have any __drv_dispatchType annotations:  This can be corrected by adding appropriate __drv_dispatchType annotations to the function. Unnecessary casts can cause this warning.</DESCRIPTION><FUNCTION>DriverEntry</FUNCTION><FUNCLINE>1036</FUNCLINE><PATH/></DEFECT>
<DEFECT _seq="34"><SFA><LINE>1085</LINE><COLUMN>44</COLUMN><FILENAME>protectdriver.c</FILENAME><FILEPATH>d:\hack.x86\gh0st3.6_src\server\protectdriver\</FILEPATH></SFA><DEFECTCODE>28169</DEFECTCODE><DESCRIPTION>The dispatch function 'DispatchCreateClose' does not have any __drv_dispatchType annotations:  This can be corrected by adding appropriate __drv_dispatchType annotations to the function. Unnecessary casts can cause this warning.</DESCRIPTION><FUNCTION>DriverEntry</FUNCTION><FUNCLINE>1036</FUNCLINE><PATH/></DEFECT>
<DEFECT _seq="35"><SFA><LINE>1086</LINE><COLUMN>43</COLUMN><FILENAME>protectdriver.c</FILENAME><FILEPATH>d:\hack.x86\gh0st3.6_src\server\protectdriver\</FILEPATH></SFA><DEFECTCODE>28169</DEFECTCODE><DESCRIPTION>The dispatch function 'DispatchCreateClose' does not have any __drv_dispatchType annotations:  This can be corrected by adding appropriate __drv_dispatchType annotations to the function. Unnecessary casts can cause this warning.</DESCRIPTION><FUNCTION>DriverEntry</FUNCTION><FUNCLINE>1036</FUNCLINE><PATH/></DEFECT>
<DEFECT _seq="36"><SFA><LINE>1083</LINE><COLUMN>28</COLUMN><FILENAME>protectdriver.c</FILENAME><FILEPATH>d:\hack.x86\gh0st3.6_src\server\protectdriver\</FILEPATH></SFA><DEFECTCODE>28155</DEFECTCODE><DESCRIPTION>The function being assigned or passed should be a DRIVER_UNLOAD function:  Add the declaration 'DRIVER_UNLOAD OnUnload;' before the current first declaration of OnUnload.</DESCRIPTION><FUNCTION>DriverEntry</FUNCTION><FUNCLINE>1036</FUNCLINE><PATH/></DEFECT>
<DEFECT _seq="37"><SFA><LINE>1084</LINE><COLUMN>52</COLUMN><FILENAME>protectdriver.c</FILENAME><FILEPATH>d:\hack.x86\gh0st3.6_src\server\protectdriver\</FILEPATH></SFA><DEFECTCODE>28155</DEFECTCODE><DESCRIPTION>The function being assigned or passed should be a DRIVER_DISPATCH function:  Add the declaration 'DRIVER_DISPATCH DispatchIoctl;' before the current first declaration of DispatchIoctl.</DESCRIPTION><FUNCTION>DriverEntry</FUNCTION><FUNCLINE>1036</FUNCLINE><PATH/></DEFECT>
<DEFECT _seq="38"><SFA><LINE>1085</LINE><COLUMN>44</COLUMN><FILENAME>protectdriver.c</FILENAME><FILEPATH>d:\hack.x86\gh0st3.6_src\server\protectdriver\</FILEPATH></SFA><DEFECTCODE>28155</DEFECTCODE><DESCRIPTION>The function being assigned or passed should be a DRIVER_DISPATCH function:  Add the declaration 'DRIVER_DISPATCH DispatchCreateClose;' before the current first declaration of DispatchCreateClose.</DESCRIPTION><FUNCTION>DriverEntry</FUNCTION><FUNCLINE>1036</FUNCLINE><PATH/></DEFECT>
<DEFECT _seq="39"><SFA><LINE>1086</LINE><COLUMN>43</COLUMN><FILENAME>protectdriver.c</FILENAME><FILEPATH>d:\hack.x86\gh0st3.6_src\server\protectdriver\</FILEPATH></SFA><DEFECTCODE>28155</DEFECTCODE><DESCRIPTION>The function being assigned or passed should be a DRIVER_DISPATCH function:  Add the declaration 'DRIVER_DISPATCH DispatchCreateClose;' before the current first declaration of DispatchCreateClose.</DESCRIPTION><FUNCTION>DriverEntry</FUNCTION><FUNCLINE>1036</FUNCLINE><PATH/></DEFECT>
</DEFECTS>
